Summary_EN,Lista de Ids,Lista de Traducciones
Coadministration has not been studied but based on metabolism and clearance a clinically significant interaction is unlikely.,114523;120337;120337;71802;71802,"No se ha estudiado la administración conjunta pero, en función del metabolismo y el clearance, es poco probable que ocurra una interacción clínicamente significativa.;No se ha estudiado la administración conjunta pero, en función del metabolismo y el clearance, es poco probable que ocurra una interacción farmacocinética."
Coadministration has not been studied but based on metabolism and clearance a clinically significant interaction is unlikely with cyanocobalamin when given alone or in multivitamins. Cyanocobalamin undergoes enterohepatic recycling and is excreted almost entirely in the urine.,70633;98859;98859;100693;100693,"No se ha estudiado la administración conjunta, pero en función del metabolismo y el clearance, es poco probable una interacción clínicamente significativa;No se ha estudiado la administración conjunta pero, en función del metabolismo y el clearance, es poco probable que ocurra una interacción farmacológica clínicamente relevante."
Coadministration has not been studied but based on metabolism and clearance a clinically significant interaction is unlikely. Oxandrolone is metabolized in the kidney.,68558;89312;89312;93879;93879;99058;99058;100895;100895;101308;101308;102436;102436;99852;99852,"No se ha estudiado la administración conjunta y no existen datos claros, reales o teóricos, que indiquen la ocurrencia de una interacción.;No se ha estudiado la administración conjunta y no existen datos claros, reales o teóricos, que indiquen si se producirá una interacción con rilpivirina. No se espera una interacción con emtricitabina y tenofovir alafenamida.;No se ha estudiado la administración conjunta pero, en función del metabolismo y el clearance, es poco probable que ocurra una interacción clínicamente significativa. Bictegravir no inhibe ni induce las enzimas CYP450 o UGT. No se esperan interacciones significativas con emtricitabina y tenofovir alafenamida.;No se ha estudiado la administración conjunta y no existen datos claros, reales o teóricos que indiquen si se producirá una interacción con darunavir/cobicistat. En función del metabolismo y el clearance, es poco probable una interacción clínicamente significativa con emtricitabina y tenofovir alafenamida.;No se ha estudiado la administración conjunta y no existen datos claros, reales o teóricos, que indiquen si se producirá una interacción con doravirina. No se espera interacción con lamivudina o tenofovir-DF.;No se ha estudiado la administración conjunta y no existen datos claros, reales o teóricos, que indiquen si se producirá una interacción con doravirina.;No hay datos claros, reales o teóricos, que indiquen si ocurrirá una interacción.;No se ha estudiado la administración conjunta. En función del metabolismo y el clearance, es poco probable una interacción clínicamente significativa con dolutegravir. No existen datos claros, reales o teóricos, que indiquen si se producirá una interacción con rilpivirina."
Coadministration has not been studied but based on metabolism and clearance a clinically significant interaction is unlikely. Nandrolone is metabolised in the liver by alpha-reductase.,68574;77364;77364;77363;77363;77368;77368;77826;77826;85826;85826;99851;99851;101307;101307;100894;100894;96931;96931;93878;93878;89311;89311;77360,"No se ha estudiado la administración conjunta, pero hay poco potencial de interacción ya que el maraviroc no inhibe ni induce las enzimas CYP450 en concentraciones clínicamente relevantes.;No se ha estudiado la administración conjunta, pero hay poco potencial de interacción ya que el raltegravir no inhibe ni induce las enzimas CYP450.;No se ha estudiado la administración conjunta pero, en función del metabolismo y el clearance, existe poco potencial para las interacciones farmacocinéticas. La nandrolona se metaboliza en el hígado.;No se ha estudiado la administración conjunta, pero hay poco potencial de interacción ya que la rilpivirina no inhibe ni induce las enzimas CYP450 en concentraciones clínicamente relevantes.;No se ha estudiado la administración conjunta. La nandrolona se metaboliza en el hígado y no hay datos claros, reales o teóricos, que indiquen si ocurrirá una interacción.;No se ha estudiado la administración conjunta pero, en función del metabolismo y el clearance, es poco probable que ocurra una interacción clínicamente significativa. No se espera que dolutegravir y rilpivirina inhiban o induzcan las enzimas CYP en concentraciones clínicamente relevantes.;No se ha estudiado la administración conjunta pero, en función del metabolismo y el clearance, es poco probable que ocurra una interacción clínicamente significativa. La nandrolona se metaboliza en el hígado, pero la doravirina no inhibe ni induce las enzimas CYP o UGT.;No se ha estudiado la administración conjunta pero, en función del metabolismo y el clearance, es poco probable que ocurra una interacción clínicamente significativa. La nandrolona se metaboliza en el hígado. La doravirina no inhibe ni induce las enzimas CYP o UGT. Lamivudina y tenofovir-DF no interactúan con la vía metabólica de la drospirenona.;No se ha estudiado la administración conjunta pero, en función del metabolismo y el clearance, es poco probable que ocurra una interacción clínicamente significativa. La nandrolona se metaboliza en el hígado.;No se ha estudiado la administración conjunta pero, en función del metabolismo y el clearance, es poco probable que ocurra una interacción clínicamente significativa. La nandrolona se metaboliza en el hígado, pero el bictegravir no inhibe ni induce las enzimas P450 o UGT. No se esperan interacciones significativas con emtricitabina y tenofovir alafenamida.;No se ha estudiado la administración conjunta pero, en función del metabolismo y el clearance, es poco probable que ocurra una interacción clínicamente significativa. La nandrolona se metaboliza en el hígado. Es poco probable que la rilpivirina a una dosis de 25 mg una vez al día tenga un efecto clínicamente relevante sobre la exposición de medicamentos metabolizados por las enzimas CYP. La emtricitabina y el tenofovir alafenamida no interactúan con la vía metabólica de la nandrolona."
Coadministration has not been studied but based on metabolism and clearance a clinically significant interaction is unlikely as gabapentin is cleared mainly by glomerular filtration.,68725;68724;68724;76564;76564;95587;95587,"No se ha estudiado la administración conjunta, pero según el metabolismo y el clearance, es poco probable una interacción clínicamente significativa ya que la gabapentina se elimina principalmente por filtración glomerular.;No se ha estudiado la administración conjunta pero, en función del metabolismo y el clearance, es poco probable que ocurra una interacción farmacológica clínicamente significativa ya que la gabapentina se elimina principalmente por filtración glomerular.;No se ha estudiado la administración conjunta pero, en función del metabolismo y el clearance, es poco probable una interacción clínicamente significativa ya que la gabapentina se elimina principalmente por filtración glomerular."
Coadministration has not been studied but based on metabolism and clearance a clinically significant interaction is unlikely as vigabatrin is cleared mainly by glomerular filtration.,68229;86027;86027;68869;68869;68870;68870,"No se ha estudiado la administración conjunta pero, en función del metabolismo y el clearance, es poco probable una interacción clínicamente significativa ya que el vigabatrín se elimina principalmente por filtración glomerular.;No se han realizado estudios de interacción, pero no se esperarían interacciones clínicamente significativas ya que el vigabatrín se elimina exclusivamente sin cambios en la orina.;No se ha estudiado la administración conjunta pero, según el metabolismo y el clearance, es poco probable una interacción clínicamente significativa ya que el vigabatrin se elimina principalmente por filtración glomerular."
"Coadministration has not been studied but based on metabolism and clearance a clinically significant interaction is unlikely. No drug interaction studies have been conducted with ibalizumab: based on ibalizumab’s mechanism of action and target-mediated drug disposition, drug-drug interactions are not expected. Ibalizumab, a monoclonal antibody binding to the CD4 receptor, is likely to be eliminated via intracellular catabolism similarly to other monoclonal antibodies.",120365;94824;94824,"No se ha estudiado la administración conjunta pero, en función del metabolismo y el clearance, es poco probable que ocurra una interacción clínicamente significativa. No se han realizado estudios de interacciones farmacológicas con ibalizumab: de acuerdo con el mecanismo de acción del ibalizumab y la disposición farmacológica mediada por meta, no se esperan interacciones farmacológicas. Es probable que el ibalizumab, un anticuerpo monoclonal que se une al receptor CD4, se elimine mediante catabolismo intracelular de forma similar a otros anticuerpos monoclonales.;No se ha estudiado la administración conjunta pero, en función del metabolismo y el clearance, es poco probable que ocurra una interacción clínicamente significativa. No se han realizado estudios de interacciones farmacológicas con ibalizumab: de acuerdo con el mecanismo de acción del ibalizumab y la disposición farmacológica mediada por meta, no se esperan interacciones entre fármacos. Es probable que el ibalizumab, un anticuerpo monoclonal que se une al receptor CD4, se elimine mediante catabolismo intracelular de forma similar a otros anticuerpos monoclonales."
"Maraviroc can be administered at the standard dose of 300 mg twice daily with tipranavir/ritonavir. If coadministered with tipranavir/ritonavir IN THE PRESENCE OF EFAVIRENZ, increase maraviroc to 600 mg twice daily. Coadministration of tipranavir/ritonavir (500/200 mg twice daily) and maraviroc (150 mg twice daily) had no clinically significant effect on maraviroc AUC (2% increase) or Cmax (14% decrease), but increased Cmin by 80%. Tipranavir and ritonavir concentrations were consistent with historical data.",70028;70552;70552,"El maraviroc puede administrarse en la dosis estándar de 300 mg dos veces al día con tipranavir/ritonavir. Si se administra conjuntamente con tipranavir/ritonavir EN PRESENCIA DE EFAVIRENZ, aumente maraviroc a 600 mg dos veces al día. La administración conjunta de tipranavir/ritonavir (500/200 mg dos veces al día) y maraviroc (150 mg dos veces al día) no tuvo un efecto clínicamente significativo sobre el área bajo la curva (aumento del 2%) o la Cmáx (disminución del 14%) de maraviroc, pero aumentó la Cmin en un 80%. Las concentraciones de tipranavir y ritonavir fueron consistentes con los controles históricos. La información prescriptiva de EEUU recomienda que el maraviroc se reduzca a 150 mg dos veces al día en pacientes con un clearance de creatinina inferior a 30 ml/min, o en hemodiálisis si hay algún síntoma de hipotensión postural.;El maraviroc se puede administrar a la dosis estándar de 300 mg dos veces al día con tipranavir/ritonavir. Si se administra conjuntamente con tipranavir/ritonavir EN PRESENCIA DE EFAVIRENZ, aumente maraviroc a 600 mg dos veces al día. La administración conjunta de tipranavir/ritonavir (500/200 mg dos veces al día) y maraviroc (150 mg dos veces al día) no tuvo un efecto clínicamente significativo sobre el área bajo la curva (aumento del 2%) o la Cmáx (disminución del 14%) de maraviroc, pero aumentó la Cmin en un 80%. Las concentraciones de tipranavir y ritonavir fueron consistentes con los controles históricos. La información prescriptiva de EEUU recomienda que el maraviroc se reduzca a 150 mg dos veces al día en pacientes con un clearance de creatinina inferior a 30 ml/min, o en hemodiálisis si hay algún síntoma de hipotensión postural."
"Etravirine decreases maraviroc AUC and Cmax by 53% and 60% respectively. Coadministration of etravirine with darunavir/ritonavir increased maraviroc AUC and Cmax by 210% and 77% respectively. Maraviroc had no significant effect on etravirine, darunavir or ritonavir pharmacokinetics. When coadministered with etravirine and boosted PIs, the recommended dose of maraviroc is 150 mg twice daily (coadministration with etravirine and fosamprenavir/ritonavir is not recommended in the European SPC). When coadministered with etravirine in the absence of a potent CYP3A4 inhibitor, the recommended dose of maraviroc is 600 mg twice daily. No dose adjustment for etravirine is necessary. The US Prescribing Information contraindicates coadministration in patients with creatinine clearance less than 30 ml/min or on haemodialysis.",70374;70536;70536,"La etravirina disminuye el área bajo la curva y la Cmáx de maraviroc en un 53% y un 60%, respectivamente. La administración conjunta de etravirina con darunavir/ritonavir aumentó el área bajo la curva y la Cmáx de maraviroc en un 210% y 77%, respectivamente. El maraviroc no tuvo un efecto significativo sobre la farmacocinética de etravirina, darunavir o ritonavir. Cuando se administra conjuntamente con etravirina e IPs reforzados, la dosis recomendada de maraviroc es de 150 mg dos veces al día (el prospecto aprobado por la EMA no recomienda la administración conjunta con etravirina y fosamprenavir/ritonavir). Cuando se administra conjuntamente con etravirina en ausencia de un potente inhibidor de CYP3A4, la dosis recomendada de maraviroc es de 600 mg dos veces al día. No es necesario ajustar la dosis de etravirina. La información prescriptiva de EEUU establece que la administración conjunta no debe recomendarse en pacientes con clearance de creatinina inferior a 30 ml/min o en hemodiálisis.;La etravirina disminuye el área bajo la curva y la Cmáx de maraviroc en un 53% y un 60%, respectivamente. La administración conjunta de etravirina con darunavir/ritonavir aumentó el área bajo la curva y la Cmáx de maraviroc en un 210% y 77%, respectivamente. El maraviroc no tuvo un efecto significativo sobre la farmacocinética de etravirina, darunavir o ritonavir. Cuando se administra conjuntamente con etravirina e IPs reforzados, la dosis recomendada de maraviroc es de 150 mg dos veces al día (el prospecto aprobado por la EMA no recomienda la administración conjunta con etravirina y fosamprenavir/ritonavir). Cuando se administra conjuntamente con etravirina en ausencia de un potente inhibidor del CYP3A4, la dosis recomendada de maraviroc es de 600 mg dos veces al día. No es necesario ajustar la dosis de etravirina. La información prescriptiva de EEUU establece que la administración conjunta no debe recomendarse en pacientes con clearance de creatinina inferior a 30 ml/min o en hemodiálisis."
Coadministration has not been studied but based on metabolism and clearance a clinically significant interaction is unlikely. Raltegravir is not expected to affect the pharmacokinetics of tadalafil.,70950;81651;81651,"No se ha estudiado la administración conjunta pero, en función del metabolismo y el clearance, es poco probable que ocurra una interacción clínicamente significativa. No se espera que el raltegravir afecte la farmacocinética del tadalafilo.;No se ha estudiado la administración conjunta pero, en función del metabolismo y el clearance, es poco probable que ocurra una interacción clínicamente significativa. No se espera que raltegravir afecte la farmacocinética del tadalafilo."
Coadministration has not been studied but based on the metabolism and clearance a clinically significant interaction is unlikely as foscarnet is cleared mainly by glomerular filtration.,71219;81946;81946,"No se ha estudiado la administración conjunta pero, en función del metabolismo y el clearance, es poco probable una interacción clínicamente significativa ya que el foscarnet se elimina principalmente por filtración glomerular.;No se ha estudiado la administración conjunta pero, en función del metabolismo y el clearance, es poco probable una interacción farmacológica clínicamente significativa ya que el foscarnet se elimina principalmente por filtración glomerular."
Coadministration has not been studied but based on metabolism and clearance a clinically significant interaction is unlikely as pregabalin is cleared mainly by glomerular filtration.,73083;73081;73081;73085;73085,"No se ha estudiado la administración conjunta pero, en función del metabolismo y el clearance, es poco probable una interacción clínicamente significativa ya que la pregabalina se elimina principalmente por filtración glomerular.;No se ha estudiado la administración conjunta pero, en función del metabolismo y el clearance, es poco probable una interacción farmacológica clínicamente relevante ya que la pregabalina se elimina principalmente por filtración glomerular."
"Coadministration has not been studied but based on metabolism and clearance a clinically significant interaction is unlikely. Topotecan undergoes both hepatic and renal elimination. Hepatic elimination involves mainly non-enzymatic hydrolysis and, to a minor extent, CYP mediated N-demethylation as well as glucuronidation. Renal elimination is by both active secretion (mainly via OAT3) and glomerular filtration.",84040;96666;96666,"No se ha estudiado la administración conjunta pero, en función del metabolismo y el clearance, es poco probable que ocurra una interacción clínicamente significativa. No se ha estudiado la administración conjunta. El topotecán experimenta eliminación hepática y renal. La eliminación hepática involucra principalmente hidrólisis no enzimática y, en menor medida, N-desmetilación mediada por CYP, así como glucuronidación. La eliminación renal ocurre tanto por secreción activa (principalmente a través del OAT3) como por filtración glomerular.;No se ha estudiado la administración conjunta pero, en función del metabolismo y el clearance, es poco probable que ocurra una interacción clínicamente significativa. El topotecán experimenta eliminación hepática y renal. La eliminación hepática involucra principalmente hidrólisis no enzimática y, en menor medida, N-desmetilación mediada por CYP, así como glucuronidación. La eliminación renal ocurre tanto por secreción activa (principalmente a través del OAT3) como por filtración glomerular."
Coadministration has not been studied but based on metabolism and clearance a clinically significant interaction is unlikely.&nbsp;,120570;69776;69776,"No se ha estudiado la administración conjunta pero, en función del metabolismo y el clearance, es poco probable que ocurra una interacción farmacológica clínicamente significativa.;No se ha estudiado la administración conjunta pero, en función del metabolismo y el clearance, es poco probable que ocurra una interacción clínicamente significativa."
"Coadministration has not been studied but based on metabolism and clearance a clinically significant interaction is unlikely. Although limited human data suggest biperiden undergoes hydroxylation in the liver, there are no known or documented interactions with other drugs that have an effect on metabolism or transport.",73943;74020;74020;74022;74022;74029;74029;98987;98987;85771;85771;86426;86426;74032;74032,"No se ha estudiado la administración conjunta. No se cuenta con un entendimiento completo sobre el metabolismo del biperideno, pero involucra la hidroxilación. No está claro si el efavirenz podría reducir la exposición al biperideno mediante la inhibición de la enzima CYP450.;No se ha estudiado la administración conjunta. No se cuenta con un entendimiento completo sobre el metabolismo del biperideno, pero involucra la hidroxilación. No está claro si la etravirina podría reducir la exposición al biperideno mediante la inhibición de la enzima CYP450.;No se ha estudiado la administración conjunta. No se cuenta con un entendimiento completo sobre el metabolismo del biperideno, pero involucra la hidroxilación. No está claro si la nevirapina podría reducir la exposición al biperideno mediante la inhibición de la enzima CYP450.;No se ha estudiado la administración conjunta. No se cuenta con un entendimiento completo sobre el metabolismo del biperideno, pero involucra la hidroxilación. No está claro si darunavir/cobicistat podrían aumentar la exposición a biperideno mediante la inhibición de la enzima CYP450. Es poco probable emtricitabina y tenofovir alafenamida interactúen con el metabolismo del biperideno.;No se ha estudiado la administración conjunta. No se cuenta con un entendimiento completo sobre el metabolismo del biperideno, pero involucra la hidroxilación. No está claro si elvitegravir/cobicistat podría aumentar la exposición al biperideno mediante la inhibición de la enzima CYP450. Es poco probable emtricitabina y tenofovir alafenamida interactúen con el metabolismo del biperideno.;No se ha estudiado la administración conjunta. No se cuenta con un entendimiento completo sobre el metabolismo del biperideno, pero involucra la hidroxilación. No está claro si elvitegravir/cobicistat podría aumentar la exposición a biperideno mediante la inhibición de la enzima CYP450. Es poco probable emtricitabina y tenofovir-DF interactúen con el metabolismo del biperideno.;No se ha estudiado la administración conjunta. No se cuenta con un entendimiento completo sobre el metabolismo del biperideno, pero involucra la hidroxilación. No está claro si los inhibidores de la proteasa podrían aumentar la exposición al biperideno mediante la inhibición de la enzima CYP450."
"Coadministration has not been studied but based on limited information concerning the metabolism and clearance of biperiden, there is little potential for clinically significant interaction. Limited human data suggest biperiden undergoes hydroxylation in the liver.",73944;93807;93807;74019;74019;101236;101236;100823;100823;74027;74027;99780;99780;82132;82132;89252;89252,"No se ha estudiado la administración conjunta pero, en función del metabolismo y el clearance, es poco probable que ocurra una interacción clínicamente significativa. No se cuenta con un entendimiento completo sobre el metabolismo del biperideno, pero involucra la hidroxilación. Bictegravir no inhibe ni induce las enzimas CYP450. Emtricitabina y tenofovir alafenamida no interactúan con la vía metabólica del biperideno.;No se ha estudiado la administración conjunta pero, en función del metabolismo y el clearance, es poco probable una interacción clínicamente significativa ya que el biperideno sufre hidroxilación en el hígado.;No se ha estudiado la administración conjunta pero, en función del metabolismo y el clearance, es poco probable una interacción clínicamente significativa ya que el biperideno experimenta hidroxilación en el hígado. La doravirina no inhibe ni induce las enzimas CYP.;No se ha estudiado la administración conjunta pero, en función del metabolismo y el clearance, es poco probable una interacción clínicamente significativa ya que el biperideno experimenta hidroxilación en el hígado. La doravirina no inhibe ni induce las enzimas CYP. Lamivudina y tenofovir-DF no interactúan con la vía metabólica del biperideno.;No se ha estudiado la administración conjunta pero, en función del metabolismo y el clearance, es poco probable una interacción clínicamente significativa ya que el biperideno sufre hidroxilación en el hígado y no hay evidencia de que inhiba o induzca el CYP3A4.;No se ha estudiado la administración conjunta pero, en función del metabolismo y el clearance, es poco probable que ocurra una interacción clínicamente significativa. El biperideno experimenta hidroxilación en el hígado y no existe evidencia de que inhiba o induzca el CYP3A4. No se espera que dolutegravir y rilpivirina inhiban o induzcan las enzimas CYP en concentraciones clínicamente relevantes.;No se ha estudiado la administración conjunta pero, en función del metabolismo y el clearance, es poco probable una interacción farmacológica clínicamente significativa ya que el biperideno experimenta hidroxilación en el hígado. No se espera que dolutegravir inhiba o induzca las enzimas CYP450 en concentraciones clínicamente relevantes.;No se ha estudiado la administración conjunta pero, en función del metabolismo y el clearance, es poco probable que ocurra una interacción clínicamente significativa. El metabolismo del biperideno se comprende de manera incompleta pero implica hidroxilación y no hay evidencia de que inhiba o induzca el CYP3A4 y, por lo tanto, es poco probable que afecte a la rilpivirina. Es poco probable emtricitabina y tenofovir alafenamida interactúen con el metabolismo del biperideno."
"Coadministration has not been studied but based on metabolism and clearance a clinically significant interaction is unlikely. Tramadol is metabolized by CYPs 3A4, 2B6, and 2D6.",75702;96341;96341,"No se ha estudiado la administración conjunta pero, en función del metabolismo y el clearance, es poco probable que ocurra una interacción farmacocinética. El tramadol se metaboliza por los CYP 3A4, 2B6 y 2D6.;No se ha estudiado la administración conjunta pero, en función del metabolismo y el clearance, es poco probable que ocurra una interacción clínicamente significativa. El tramadol se metaboliza por los CYP 3A4, 2B6 y 2D6."
"Coadministration has not been studied but based on metabolism and clearance a clinically significant interaction is unlikely. Bendroflumethiazide is mainly eliminated by hepatic metabolism (70%), although the exact pathway is not known. It is unlikely that CYP enzymes are involved in this process and no transporter interactions have been described. There is no evidence that bendroflumethiazide inhibits or induces CYP450 enzymes.",75729;75731;75731;75732;75732;75735;75735;75740;75740;75741;75741;75744;75744;102267;102267;97528;97528;96068;96068;75733;75733;102978;102978;103689;103689,"Esta interacción no ha sido estudiada. La bendroflumetiazida se elimina principalmente por el metabolismo hepático, aunque se desconoce la vía exacta. No está claro si el efavirenz podría reducir la exposición a la bendroflumetiazida mediante la inhibición de la enzima CYP450.;Esta interacción no ha sido estudiada. La bendroflumetiazida se elimina principalmente por el metabolismo hepático, aunque se desconoce la vía exacta. No está claro si la etravirina podría reducir la exposición a la bendroflumetiazida mediante la inhibición de la enzima CYP450.;Esta interacción no ha sido estudiada. La bendroflumetiazida se elimina principalmente por el metabolismo hepático, aunque se desconoce la vía exacta. Por lo tanto, no está claro si fosamprenavir/ritonavir podrían aumentar la exposición a la bendroflumetiazida mediante la inhibición de la enzima CYP450.;Esta interacción no ha sido estudiada. La bendroflumetiazida se elimina principalmente por el metabolismo hepático, aunque se desconoce la vía exacta. Por lo tanto, no está claro si lopinavir/ritonavir podrían aumentar la exposición a la bendroflumetiazida mediante la inhibición de la enzima CYP450.;Esta interacción no ha sido estudiada. La bendroflumetiazida se elimina principalmente por el metabolismo hepático, aunque se desconoce la vía exacta. Por lo tanto, no está claro si ritonavir podría aumentar la exposición a la bendroflumetiazida mediante la inhibición de la enzima CYP450.;Esta interacción no ha sido estudiada. La bendroflumetiazida se elimina principalmente por el metabolismo hepático, aunque se desconoce la vía exacta. Por lo tanto, no está claro si nelfinavir/ritonavir podrían aumentar la exposición a la bendroflumetiazida mediante la inhibición de la enzima CYP450.;Esta interacción no ha sido estudiada. La bendroflumetiazida se elimina principalmente por el metabolismo hepático, aunque se desconoce la vía exacta. Por lo tanto, no está claro si tipranavir/ritonavir podrían aumentar la exposición a la bendroflumetiazida mediante la inhibición de la enzima CYP450.;No se ha estudiado la administración conjunta. La bendroflumetiazida se elimina principalmente por el metabolismo hepático, aunque se desconoce la vía exacta. Por lo tanto, no está claro si atazanavir/cobicistat podrían aumentar la exposición a la bendroflumetiazida mediante la inhibición de la enzima CYP450.;No se ha estudiado la administración conjunta. La bendroflumetiazida se elimina principalmente por el metabolismo hepático, aunque se desconoce la vía exacta. Por lo tanto, no está claro si darunavir/ritonavir podrían aumentar la exposición a la bendroflumetiazida mediante la inhibición de la enzima CYP450.;No se ha estudiado la administración conjunta. La bendroflumetiazida se elimina principalmente por el metabolismo hepático, aunque se desconoce la vía exacta. Por lo tanto, no está claro si darunavir/cobicistat podría aumentar la exposición a bendroflumetiazida mediante la inhibición de la enzima CYP450.;Esta interacción no ha sido estudiada. La bendroflumetiazida se elimina principalmente por el metabolismo hepático, aunque se desconoce la vía exacta. Por lo tanto, no está claro si indinavir o indinavir/ritonavir podrían aumentar la exposición a la bendroflumetiazida mediante la inhibición de la enzima CYP450.;No se ha estudiado la administración conjunta. La bendroflumetiazida se elimina principalmente por el metabolismo hepático, aunque se desconoce la vía exacta. Por lo tanto, no está claro si atazanavir podría aumentar la exposición a la bendroflumetiazida mediante la inhibición de la enzima CYP450.;No se ha estudiado la administración conjunta. La bendroflumetiazida se elimina principalmente por el metabolismo hepático, aunque se desconoce la vía exacta. Por lo tanto, no está claro si atazanavir/ritonavir podrían aumentar la exposición a la bendroflumetiazida mediante la inhibición de la enzima CYP450."
"Coadministration has not been studied but based on metabolism and clearance a clinically significant interaction is unlikely. Bendroflumethiazide is eliminated by hepatic metabolism (70%, exact pathway not known) and excreted unchanged in the urine (30%) via OAT1 and OAT3. There is no evidence that bendroflumethiazide inhibits or induces CYP450 enzymes.",75736;101141;101141,"No se ha estudiado la administración conjunta pero, en función del metabolismo y el clearance, es poco probable que ocurra una interacción clínicamente significativa. La bendroflumetiazida se elimina por metabolismo hepático (70%) y se excreta sin cambios en la orina (30%) a través del OAT1 y el OAT3. No hay evidencia de que la bendroflumetiazida inhiba o induzca las enzimas CYP450.;No se ha estudiado la administración conjunta pero, en función del metabolismo y el clearance, es poco probable que ocurra una interacción clínicamente significativa. La bendroflumetiazida se elimina por metabolismo hepático (70%) y se excreta sin cambios en la orina (30%) a través del OAT1 y el OAT3. Además, la bendroflumetiazida no inhibe los efectos inductores sobre las enzimas metabolizadoras de fármacos."
"Coadministration has not been studied but based on metabolism and clearance a clinically significant interaction is unlikely. Bendroflumethiazide is eliminated by hepatic metabolism (70%, exact pathway not known) and excreted unchanged in the urine (30%) via OAT1 and OAT3. In vitro data indicate that bendroflumethiazide inhibits these renal transporters but a clinically relevant drug interaction is unlikely in the range of observed clinical concentrations.",75745;75728;75728;96767;96767,"No se ha estudiado la administración conjunta pero, en función del metabolismo y el clearance, es poco probable que ocurra una interacción clínicamente significativa. La bendroflumetiazida se elimina por metabolismo hepático (70%) y se excreta sin cambios en la orina (30%) a través del OAT1 y el OAT3. Los datos in vitro sugieren que la bendroflumetiazida inhibe estos transportadores renales, pero una interacción farmacológica clínicamente relevante es poco probable en el rango observado de concentraciones clínicas.;No se ha estudiado la administración conjunta pero, en función del metabolismo y el clearance, es poco probable que ocurra una interacción clínicamente significativa. La bendroflumetiazida se elimina por metabolismo hepático (70%) y se excreta sin cambios en la orina (30%) a través del OAT1 y el OAT3. Los datos in vitro sugieren que la bendroflumetiazida inhibe estos transportadores renales, pero una interacción farmacológica clínicamente relevante es poco probable en el rango de concentraciones clínicas observadas."
Coadministration has not been studied but based on metabolism and clearance a clinically significant interaction is unlikely. Erythromycin is extensively metabolized in the liver.,76466;76464;76464;96385;96385,"No se ha estudiado la administración conjunta pero, en función del metabolismo y el clearance, es poco probable que ocurra una interacción farmacológica clínicamente significativa. La eritromicina se metaboliza ampliamente en el hígado.;No se ha estudiado la administración conjunta pero, en función del metabolismo y el clearance, es poco probable que ocurra una interacción clínicamente significativa. La eritromicina se metaboliza ampliamente en el hígado."
"Coadministration has not been studied but based on metabolism and clearance a pharmacokinetic interaction is unlikely. Halofantrine is extensively metabolized by CYP3A4 but rilpivirine at a dose of 25 mg once daily is unlikely to have a clinically relevant effect on the exposure of medicinal products metabolised by CYP enzymes. Rilpivirine has been associated with prolongation of the QTc interval at supra-therapeutic doses but these are unlikely to occur during coadministration with halofantrine. However, given the QT prolongation risk associated with halofantrine, caution is recommended.",77551;88900;88900,"La rilpivirina debe usarse con precaución cuando se administra conjuntamente con un fármaco con riesgo conocido de Torsade de Pointes. En sujetos sanos, se ha demostrado que las dosis supraterapéuticas de rilpivirina (75 mg una vez al día y 300 mg una vez al día) prolongan el intervalo QTc.;No se ha estudiado la administración conjunta pero, en función del metabolismo y el clearance, es poco probable que ocurra una interacción farmacocinética. La halofantrina se metaboliza ampliamente por CYP3A4, pero es poco probable que la rilpivirina a una dosis de 25 mg una vez al día tenga un efecto clínicamente relevante sobre la exposición de medicamentos metabolizados por las enzimas CYP. Sin embargo, la rilpivirina debe usarse con precaución cuando se administra conjuntamente con un medicamento con un riesgo conocido de Torsade de Pointes. En sujetos sanos, se ha demostrado que las dosis supraterapéuticas de rilpivirina (75 mg una vez al día y 300 mg una vez al día) prolongan el intervalo QTc. La emtricitabina y el tenofovir alafenamida no interactúan con la vía metabólica de halofantrina."
Coadministration has not been studied but based on metabolism and clearance a clinically significant interaction is unlikely. Suxamethonium is hydrolysed by plasma cholinesterase.,77993;77997;77997;78004;78004;78001;78001;78000;78000;78009;78009;78013;78013;78019;78019;81731;81731;78010;78010;78003;78003;77992;77992;78012;78012;78008;78008;77998;77998;77996;77996,"Esta interacción no ha sido estudiada. De acuerdo con los perfiles de metabolismo/eliminación y toxicidad de ambos fármacos, hay poco potencial de interacción. El suxametonio se hidroliza por la colinesterasa plasmática. Por lo tanto, existe poco potencial para la interacción con tipranavir mediante la modulación o la competencia por las vías metabólicas.;Esta interacción no ha sido estudiada. De acuerdo con los perfiles de metabolismo/eliminación y toxicidad de ambos fármacos, hay poco potencial de interacción. El suxametonio se hidroliza por la colinesterasa plasmática. Por lo tanto, existe poco potencial para la interacción con ritonavir mediante la modulación o la competencia por las vías metabólicas.;Esta interacción no ha sido estudiada. De acuerdo con los perfiles de metabolismo/eliminación y toxicidad de ambos fármacos, hay poco potencial de interacción. El suxametonio se hidroliza por la colinesterasa plasmática. Por lo tanto, existe poco potencial para la interacción con lopinavir mediante la modulación o la competencia por las vías metabólicas.;Esta interacción no ha sido estudiada. De acuerdo con los perfiles de metabolismo/eliminación y toxicidad de ambos fármacos, hay poco potencial de interacción. El suxametonio se hidroliza por la colinesterasa plasmática. Por lo tanto, existe poco potencial para la interacción con nevirapina mediante la modulación o la competencia por las vías metabólicas.;Esta interacción no ha sido estudiada. De acuerdo con los perfiles de metabolismo/eliminación y toxicidad de ambos fármacos, hay poco potencial de interacción. El suxametonio se hidroliza por la colinesterasa plasmática. Por lo tanto, existe poco potencial para la interacción con raltegravir mediante la modulación o la competencia por las vías metabólicas.;Esta interacción no ha sido estudiada. De acuerdo con los perfiles de metabolismo/eliminación y toxicidad de ambos fármacos, hay poco potencial de interacción. El suxametonio se hidroliza por la colinesterasa plasmática. Por lo tanto, existe poco potencial para la interacción con fosamprenavir mediante la modulación o la competencia por las vías metabólicas.;Esta interacción no ha sido estudiada. De acuerdo con los perfiles de metabolismo/eliminación y toxicidad de ambos fármacos, hay poco potencial de interacción. El suxametonio se hidroliza por la colinesterasa plasmática. Por lo tanto, existe poco potencial para la interacción con didanosina mediante la modulación o la competencia por las vías metabólicas.;Esta interacción no ha sido estudiada. De acuerdo con los perfiles de metabolismo/eliminación y toxicidad de ambos fármacos, hay poco potencial de interacción. El suxametonio se hidroliza por la colinesterasa plasmática. Por lo tanto, existe poco potencial para la interacción con abacavir mediante la modulación o la competencia por las vías metabólicas.;Esta interacción no ha sido estudiada. Según los perfiles de metabolismo/eliminación y toxicidad de ambos fármacos, hay poco potencial de interacción ya que el suxametonio es hidrolizado por la colinesterasa plasmática.;Esta interacción no ha sido estudiada. De acuerdo con los perfiles de metabolismo/eliminación y toxicidad de ambos fármacos, hay poco potencial de interacción. El suxametonio se hidroliza por la colinesterasa plasmática. Por lo tanto, existe poco potencial para la interacción con etravirina mediante la modulación o la competencia por las vías metabólicas.;Esta interacción no ha sido estudiada. De acuerdo con los perfiles de metabolismo/eliminación y toxicidad de ambos fármacos, hay poco potencial de interacción. El suxametonio se hidroliza por la colinesterasa plasmática. Por lo tanto, existe poco potencial para la interacción con maraviroc mediante la modulación o la competencia por las vías metabólicas.;Esta interacción no ha sido estudiada. De acuerdo con los perfiles de metabolismo/eliminación y toxicidad de ambos fármacos, hay poco potencial de interacción. El suxametonio se hidroliza por la colinesterasa plasmática. Por lo tanto, existe poco potencial para la interacción con zidovudina mediante la modulación o la competencia por las vías metabólicas.;Esta interacción no ha sido estudiada. De acuerdo con los perfiles de metabolismo/eliminación y toxicidad de ambos fármacos, hay poco potencial de interacción. El suxametonio se hidroliza por la colinesterasa plasmática. Por lo tanto, existe poco potencial para la interacción con efavirenz mediante la modulación o la competencia por las vías metabólicas.;Esta interacción no ha sido estudiada. De acuerdo con los perfiles de metabolismo/eliminación y toxicidad de ambos fármacos, hay poco potencial de interacción. El suxametonio se hidroliza por la colinesterasa plasmática. Por lo tanto, existe poco potencial para la interacción con indinavir mediante la modulación o la competencia por las vías metabólicas.;Esta interacción no ha sido estudiada. De acuerdo con los perfiles de metabolismo/eliminación y toxicidad de ambos fármacos, hay poco potencial de interacción. El suxametonio se hidroliza por la colinesterasa plasmática. Por lo tanto, existe poco potencial para la interacción con rilpivirina mediante la modulación o la competencia por las vías metabólicas.;Esta interacción no ha sido estudiada. De acuerdo con los perfiles de metabolismo/eliminación y toxicidad de ambos fármacos, hay poco potencial de interacción. El suxametonio se hidroliza por la colinesterasa plasmática. Por lo tanto, existe poco potencial para la interacción con saquinavir mediante la modulación o la competencia por las vías metabólicas."
Coadministration has not been studied but based on metabolism and clearance a clinically significant interaction is unlikely. Benznidazole undergoes non-CYP mediated metabolism and partly CYP mediated metabolism. Renal elimination of unchanged benznidazole appears to be minimal and there is little potential for an interaction via competition for renal elimination pathways.,78529;78536;78536;78537;78537;78547;78547;78544;78544;78541;78541;78542;78542;78545;78545;78546;78546;78548;78548;78540;78540;100130;100130;101960;101960;102671;102671;103382;103382;95795;95795;81892;81892;99393;99393;100376;100376;85399;85399;86105;86105;78538;78538;88896;88896;78531;78531;97257;97257;78532;78532;93427;93427;98590;98590,"Esta interacción no ha sido estudiada. Según los perfiles de metabolismo/eliminación y toxicidad de ambos fármacos, hay poco potencial de interacción. La eliminación renal de benznidazol inalterado parece ser mínima. Por lo tanto, existe poco potencial para la interacción con estavudina mediante la competencia por las vías de eliminación renal.;Esta interacción no ha sido estudiada. El benznidazol se metaboliza predominantemente en el hígado, aunque se desconocen las vías metabólicas. Por lo tanto, no está claro si el fosamprenavir podría aumentar la exposición al benznidazol mediante la inhibición de la enzima CYP450.;Esta interacción no ha sido estudiada. El benznidazol se metaboliza predominantemente en el hígado, aunque se desconocen las vías metabólicas. Por lo tanto, no está claro si indinavir podría aumentar la exposición al benznidazol mediante la inhibición de la enzima CYP450.;No se ha estudiado esta interacción. Según la información limitada sobre el perfil de metabolismo/eliminación del benznidazol, hay poco potencial para una interacción clínicamente significativa con la rilpivirina.;Esta interacción no ha sido estudiada. El benznidazol se metaboliza predominantemente en el hígado, aunque se desconocen las vías metabólicas. Por lo tanto, no está claro si el efavirenz podría reducir la exposición al benznidazol mediante la inducción de la enzima CYP450.;Esta interacción no ha sido estudiada. El benznidazol se metaboliza predominantemente en el hígado, aunque se desconocen las vías metabólicas. Por lo tanto, no está claro si saquinavir podría aumentar la exposición al benznidazol mediante la inhibición de la enzima CYP450.;Esta interacción no ha sido estudiada. El benznidazol se metaboliza predominantemente en el hígado, aunque se desconocen las vías metabólicas. Por lo tanto, no está claro si tipranavir podría aumentar la exposición al benznidazol mediante la inhibición de la enzima CYP450.;Esta interacción no ha sido estudiada. El benznidazol se metaboliza predominantemente en el hígado, aunque no se conocen las vías metabólicas. Por lo tanto, no está claro si la etravirina podría reducir la exposición al benznidazol mediante la inhibición de la enzima CYP450.;Esta interacción no ha sido estudiada. El benznidazol se metaboliza predominantemente en el hígado, aunque se desconocen las vías metabólicas. Por lo tanto, no está claro si la nevirapina podría reducir la exposición al benznidazol mediante la inducción de la enzima CYP450.;No se ha estudiado esta interacción. Según la información limitada sobre el perfil de metabolismo/eliminación del benznidazol, existe poco potencial para una interacción clínicamente significativa con la maraviroc.;Esta interacción no ha sido estudiada. El benznidazol se metaboliza predominantemente en el hígado, aunque se desconocen las vías metabólicas. Por lo tanto, no está claro si el ritonavir podría aumentar la exposición al benznidazol mediante la inhibición de la enzima CYP450.;No se ha estudiado la administración conjunta pero, en base a la información limitada sobre el metabolismo y el clearance de benznidazol, existe poco potencial para una interacción clínicamente significativa con doravirina.;No se ha estudiado la administración conjunta. El benznidazol se metaboliza predominantemente en el hígado, aunque se desconocen las vías metabólicas. Por lo tanto, no está claro si atazanavir/cobicistat podría aumentar la exposición a benznidazol mediante la inhibición de la enzima CYP450.;No se ha estudiado la administración conjunta. El benznidazol se metaboliza principalmente en el hígado, aunque se desconocen las vías metabólicas. Por lo tanto, no está claro si atazanavir podría aumentar la exposición al benznidazol mediante la inhibición de la enzima CYP450.;No se ha estudiado la administración conjunta. El benznidazol se metaboliza principalmente en el hígado, aunque se desconocen las vías metabólicas. Por lo tanto, no está claro si atazanavir/ritonavir podría aumentar la exposición al benznidazol mediante la inhibición de la enzima CYP450.;No se ha estudiado la administración conjunta. El benznidazol se metaboliza predominantemente en el hígado, aunque se desconocen las vías metabólicas. Por lo tanto, no está claro si darunavir/cobicistat podría aumentar la exposición a benznidazol mediante la inhibición de la enzima CYP450.;No se ha estudiado la administración conjunta. Según la información limitada sobre el perfil de metabolismo/eliminación del benznidazol, hay poco potencial para una interacción clínicamente significativa con dolutegravir.;No se ha estudiado la administración conjunta pero, en base a la información limitada sobre el metabolismo y el clearance de benznidazol, es poco probable que ocurra una interacción clínicamente significativa.;No se ha estudiado la administración conjunta pero, en base a la información limitada sobre el metabolismo y el clearance de benznidazol, existe poco potencial para una interacción clínicamente significativa con doravirina, lamivudina y tenofovir-DF.;No se ha estudiado la administración conjunta. El benznidazol se metaboliza predominantemente en el hígado, aunque se desconocen las vías metabólicas. Por lo tanto, no está claro si elvitegravir/cobicistat podría aumentar la exposición a benznidazol mediante la inhibición de la enzima CYP450. Dado que la eliminación renal del benznidazol inalterado parece ser mínima, no se espera que emtricitabina y tenofovir alafenamida interactúen con benznidazol.;No se ha estudiado la administración conjunta. El benznidazol se metaboliza predominantemente en el hígado, aunque se desconocen las vías metabólicas. Por lo tanto, no está claro si elvitegravir/cobicistat podría aumentar la exposición a benznidazol mediante la inhibición de la enzima CYP450. Dado que la eliminación renal del benznidazol inalterado parece ser mínima, no se espera que emtricitabina y tenofovir-DF interactúen con benznidazol.;Esta interacción no ha sido estudiada. El benznidazol se metaboliza predominantemente en el hígado, aunque se desconocen las vías metabólicas. Por lo tanto, no está claro si lopinavir podría aumentar la exposición al benznidazol mediante la inhibición de la enzima CYP450.;No se ha estudiado la administración conjunta pero, en función del metabolismo y el clearance, es poco probable que ocurra una interacción clínicamente significativa. La eliminación renal de benznidazol inalterado parece ser mínima. Por lo tanto, existe poco potencial para la interacción con emtricitabina o tenofovir alafenamida mediante la eliminación renal. El benznidazol se metaboliza predominantemente en el hígado, pero es poco probable que interactúe con la rilpivirina, ya que no tiene ningún efecto inhibidor o inductor sobre las enzimas metabolizadoras de fármacos.;Esta interacción no ha sido estudiada. Según los perfiles de metabolismo/eliminación y toxicidad de ambos fármacos, hay poco potencial de interacción. La excreción renal de benznidazol inalterado parece ser mínima. Por lo tanto, existe poco potencial para la interacción con estavudina mediante la competencia por las vías de eliminación renal.;No se ha estudiado la administración conjunta. El benznidazol se metaboliza predominantemente en el hígado, aunque se desconocen las vías metabólicas. Por lo tanto, no está claro si darunavir podría aumentar la exposición al benznidazol mediante la inhibición de la enzima CYP450.;Esta interacción no ha sido estudiada. En base a datos limitados sobre el metabolismo/eliminación del benznidazol, hay poco potencial para una interacción significativa.;No se ha estudiado la administración conjunta pero, en base a la información limitada sobre el metabolismo y el clearance de benznidazol, existe poco potencial para una interacción clínicamente significativa con bictegravir, emtricitabina y tenofovir alafenamida.;No se ha estudiado la administración conjunta. El benznidazol se metaboliza predominantemente en el hígado, aunque se desconocen las vías metabólicas. Por lo tanto, no está claro si darunavir/cobicistat podría aumentar la exposición a benznidazol mediante la inhibición de la enzima CYP450. La eliminación renal de benznidazol inalterado parece ser mínima. Por lo tanto, existe poco potencial para la interacción con emtricitabina o tenofovir alafenamida mediante la eliminación renal."
"Coadministration has not been studied but based on metabolism and clearance a clinically significant interaction is unlikely. Benznidazole undergoes non-CYP mediated metabolism and partly CYP mediated metabolism. Renal elimination of unchanged benznidazole appears to be minimal and there is little potential for an interaction via competition for renal elimination pathways. A case study of a patient taking an antiretroviral regimen of tenofovir, emtricitabine and raltegravir reported no clinical or laboratory adverse events when the patient received benznidazole 5 mg/kg daily for 90 days. At the end of treatment, the patient’s viral load remained undetectable, and CD4 count was maintained.",78528;78526;78526,"Esta interacción no ha sido estudiada. En base a datos limitados sobre el metabolismo/eliminación del benznidazol, hay poco potencial para una interacción significativa. Un estudio de caso de un paciente que tomaba un régimen antirretroviral de tenofovir, emtricitabina y raltegravir no informó eventos adversos clínicos o de laboratorio cuando el paciente recibió 5 mg/kg de benznidazol diariamente durante 90 días. Al final del tratamiento, la carga viral del paciente permaneció indetectable y se mantuvo el recuento de CD4.;Esta interacción no ha sido estudiada. Según los perfiles de metabolismo/eliminación y toxicidad de ambos fármacos, hay poco potencial de interacción. La eliminación renal de benznidazol inalterado parece ser mínima. Por lo tanto, existe poco potencial para la interacción con emtricitabina mediante la competencia por las vías de eliminación renal. Un estudio de caso de un paciente que tomaba un régimen antirretroviral de tenofovir, emtricitabina y raltegravir no informó eventos adversos clínicos o de laboratorio cuando el paciente recibió 5 mg/kg de benznidazol diariamente durante 90 días. Al final del tratamiento, la carga viral del paciente permaneció indetectable y se mantuvo el recuento de CD4."
Coadministration has not been studied but based on metabolism and clearance a clinically significant interaction is unlikely. A small proportion of an inhaled ipratropium dose is systemically absorbed (6.9%). Metabolism is via ester hydrolysis and conjugation.,102098;79631;79631;79635;79635;96599;96599;79636;79636;79637;79637;81977;81977,"No se ha estudiado la administración conjunta pero, en función del metabolismo y el clearance, es poco probable que ocurra una interacción clínicamente significativa. Una pequeña proporción de una dosis inhalada de ipratropio se absorbe sistémicamente (6,9%). El metabolismo ocurre a través de la hidrólisis y la conjugación de ésteres.;Esta interacción no ha sido estudiada. Según los perfiles de metabolismo/eliminación y toxicidad de ambos fármacos, hay poco potencial de interacción. Una pequeña proporción de una dosis inhalada de ipratropio se absorbe sistémicamente (6,9%). El metabolismo ocurre a través de la hidrólisis y la conjugación de ésteres.;Esta interacción no ha sido estudiada. Según los perfiles de metabolismo/eliminación y toxicidad de ambos fármacos, hay poco potencial de interacción. La excreción renal de ipratropio inalterado parece ser mínima. Por lo tanto, existe poco potencial para la interacción con emtricitabina mediante la competencia por las vías de eliminación renal.;No se ha estudiado la administración conjunta pero, en función del metabolismo y el clearance, es poco probable que ocurra una interacción clínicamente significativa. La eliminación renal del ipratropio inalterado es mínima. Por lo tanto, existe poco potencial para la interacción con emtricitabina y tenofovir mediante la competencia por las vías de eliminación renal.;Esta interacción no ha sido estudiada. Según los perfiles de metabolismo/eliminación y toxicidad de ambos fármacos, hay poco potencial de interacción. La eliminación renal de ipratropio inalterado es mínima. Por lo tanto, existe poco potencial para la interacción con lamivudina mediante la competencia por las vías de eliminación renal.;Esta interacción no ha sido estudiada. Según los perfiles de metabolismo/eliminación y toxicidad de ambos fármacos, hay poco potencial de interacción. La excreción renal de ipratropio inalterado parece ser mínima. Por lo tanto, existe poco potencial para la interacción con estavudina mediante la competencia por las vías de eliminación renal.;No se ha estudiado la administración conjunta pero, en función de los perfiles de metabolismo/eliminación y toxicidad de ambos fármacos, existe poco potencial de interacción. Una pequeña proporción de una dosis inhalada de ipratropio se absorbe sistémicamente (6,9%). El metabolismo ocurre a través de la hidrólisis y la conjugación de ésteres."
"Coadministration has not been studied but based on metabolism and clearance a clinically significant interaction is unlikely with iodine when given alone or in multivitamins.&nbsp;Iodine is converted to iodide, which is trapped in the thyroid gland. Iodides are excreted mainly in the urine with smaller amounts excreted in the faeces, sweat and saliva.",79590;80257;80257,"Esta interacción no ha sido estudiada. Según los perfiles de metabolismo/eliminación y toxicidad de ambos fármacos, hay poco potencial de interacción. El yodo se convierte en yoduro, que queda atrapado en la glándula tiroides. Los yoduros se excretan principalmente en la orina con cantidades más pequeñas excretadas en las heces, el sudor y la saliva.;No se ha estudiado la administración conjunta pero, en función del metabolismo y el clearance, es poco probable que ocurra una interacción clínicamente significativa. El yodo se convierte en yoduro, que queda atrapado en la glándula tiroides. Los yoduros se excretan principalmente en la orina con cantidades más pequeñas excretadas en las heces, el sudor y la saliva."
"Coadministration has not been studied but based on metabolism and clearance a clinically significant interaction is unlikely. Bendroflumethiazide is mainly eliminated by hepatic metabolism (70%), although the exact pathway is not known. It is unlikely that CYP enzymes are involved in this process and no transporter interactions have been described. Bendroflumethiazide is also excreted unchanged in the urine (30%) via OAT1 and OAT3. In vitro data indicate that bendroflumethiazide inhibits these renal transporters but a clinically relevant drug interaction is unlikely in the range of observed clinical concentrations with emtricitabine and tenofovir derived from tenofovir alafenamide. There is no evidence that bendroflumethiazide inhibits or induces CYP450 enzymes.",98892;85692;85692,"No se ha estudiado la administración conjunta. La bendroflumetiazida se elimina principalmente por el metabolismo hepático, aunque se desconoce la vía exacta. Por lo tanto, no está claro si darunavir/cobicistat podría aumentar la exposición a bendroflumetiazida mediante la inhibición de la enzima CYP450. La bendroflumetiazida se excreta sin cambios en la orina (30%) a través del OAT1 y el OAT3. Los datos in vitro sugieren que la bendroflumetiazida inhibe estos transportadores renales, pero una interacción farmacológica clínicamente relevante es poco probable en el rango de concentraciones clínicas observadas. No se esperan interacciones significativas con emtricitabina y tenofovir alafenamida.;No se ha estudiado la administración conjunta. La bendroflumetiazida se elimina principalmente por el metabolismo hepático, aunque se desconoce la vía exacta. Por lo tanto, no está claro si elvitegravir/cobicistat podría aumentar la exposición a la bendroflumetiazida mediante la inhibición de la enzima CYP450. No se esperan interacciones significativas con emtricitabina y tenofovir alafenamida."
Coadministration has not been studied but based on metabolism and clearance a clinically significant interaction is unlikely.&nbsp;Heparin is thought to be eliminated via the reticuloendothelial system.,79771;79766;79766;81813;81813,"Esta interacción no ha sido estudiada. De acuerdo con los perfiles de metabolismo/eliminación y toxicidad de ambos fármacos, hay poco potencial de interacción. Se cree que la heparina se elimina a través del sistema reticuloendotelial.;No se ha estudiado la administración conjunta pero, de acuerdo con los perfiles metabólicos, de eliminación y de toxicidad de ambos fármacos, existe poco potencial de interacción. Se cree que la heparina se elimina a través del sistema reticuloendotelial."
Coadministration has not been studied but based on metabolism and clearance a clinically significant interaction is unlikely with phytomenadione when given alone or in multivitamins. Metabolism of phytomenadione is thought to involve CYP4F2 and glucuronidation. Renal elimination of phytomenadione is minimal.,79793;79792;79792;79780;79780;79781;79781;79787;79787;79788;79788;79794;79794;79795;79795;79798;79798;89153;89153;97514;97514;79805;79805;100713;100713;102963;102963;103674;103674;79779;79779;99066;99066;102252;102252;79786;79786,"Esta interacción no ha sido estudiada. De acuerdo con los perfiles de metabolismo/eliminación y toxicidad de ambos fármacos, hay poco potencial de interacción. Un estudio in vitro descubrió que la única enzima CYP450 involucrada en el metabolismo de la fitomenadiona era el CYP4F2. Por lo tanto, existe poco potencial para la interacción con etravirina mediante la modulación de las vías metabólicas.;Esta interacción no ha sido estudiada. De acuerdo con los perfiles de metabolismo/eliminación y toxicidad de ambos fármacos, hay poco potencial de interacción. Un estudio in vitro descubrió que la única enzima CYP450 involucrada en el metabolismo de la fitomenadiona era el CYP4F2. Por lo tanto, existe poco potencial para la interacción con efavirenz mediante la modulación de las vías metabólicas.;Esta interacción no ha sido estudiada. De acuerdo con los perfiles de metabolismo/eliminación y toxicidad de ambos fármacos, hay poco potencial de interacción. Un estudio in vitro descubrió que la única enzima CYP450 involucrada en el metabolismo de la fitomenadiona era el CYP4F2. Por lo tanto, existe poco potencial para la interacción con indinavir mediante la modulación de las vías metabólicas.;Esta interacción no ha sido estudiada. De acuerdo con los perfiles de metabolismo/eliminación y toxicidad de ambos fármacos, hay poco potencial de interacción. Un estudio in vitro descubrió que la única enzima CYP450 involucrada en el metabolismo de la fitomenadiona era el CYP4F2. Por lo tanto, existe poco potencial para la interacción con lopinavir mediante la modulación de las vías metabólicas.;Esta interacción no ha sido estudiada. De acuerdo con los perfiles de metabolismo/eliminación y toxicidad de ambos fármacos, hay poco potencial de interacción. Un estudio in vitro descubrió que la única enzima CYP450 involucrada en el metabolismo de la fitomenadiona era el CYP4F2. Por lo tanto, existe poco potencial para la interacción con saquinavir mediante la modulación de las vías metabólicas.;Esta interacción no ha sido estudiada. De acuerdo con los perfiles de metabolismo/eliminación y toxicidad de ambos fármacos, hay poco potencial de interacción. Un estudio in vitro descubrió que la única enzima CYP450 involucrada en el metabolismo de la fitomenadiona era el CYP4F2. Por lo tanto, existe poco potencial para la interacción con tipranavir mediante la modulación de las vías metabólicas.;Esta interacción no ha sido estudiada. De acuerdo con los perfiles de metabolismo/eliminación y toxicidad de ambos fármacos, hay poco potencial de interacción. Un estudio in vitro descubrió que la única enzima CYP450 involucrada en el metabolismo de la fitomenadiona era el CYP4F2. Por lo tanto, existe poco potencial para la interacción con nevirapina mediante la modulación de las vías metabólicas.;Esta interacción no ha sido estudiada. De acuerdo con los perfiles de metabolismo/eliminación y toxicidad de ambos fármacos, hay poco potencial de interacción. Un estudio in vitro descubrió que la única enzima CYP450 involucrada en el metabolismo de la fitomenadiona era el CYP4F2. Por lo tanto, existe poco potencial para la interacción con rilpivirina mediante la modulación de las vías metabólicas.;Esta interacción no ha sido estudiada. De acuerdo con los perfiles de metabolismo/eliminación y toxicidad de ambos fármacos, hay poco potencial de interacción.;No se ha estudiado la administración conjunta pero, en función del metabolismo y el clearance, es poco probable que ocurra una interacción clínicamente significativa. Un estudio in vitro descubrió que la única enzima CYP450 involucrada en el metabolismo de la fitomenadiona era el CYP4F2. Rilpivirina, emtricitabina y tenofovir alefanamida no interactúan con esta vía metabólica.;No se ha estudiado la administración conjunta pero, en función del metabolismo y el clearance, es poco probable que ocurra una interacción clínicamente significativa. Un estudio in vitro descubrió que la única enzima CYP450 involucrada en el metabolismo de la fitomenadiona era el CYP4F2.;Esta interacción no ha sido estudiada. De acuerdo con los perfiles de metabolismo/eliminación y toxicidad de ambos fármacos, hay poco potencial de interacción. Un estudio in vitro descubrió que la única enzima CYP450 involucrada en el metabolismo de la fitomenadiona era el CYP4F2. Por lo tanto, existe poco potencial para la interacción con maraviroc mediante la modulación de las vías metabólicas.;No se ha estudiado la administración conjunta pero, en función del metabolismo y el clearance, es poco probable que ocurra una interacción clínicamente significativa. Un estudio in vitro descubrió que la única enzima CYP450 involucrada en el metabolismo de la fitomenadiona era el CYP4F2. La eliminación renal de fitomenadiona es mínima.;No se ha estudiado la administración conjunta pero, en función del metabolismo y el clearance, es poco probable que ocurra una interacción clínicamente significativa. Un estudio in vitro descubrió que la única enzima CYP450 involucrada en el metabolismo de la fitomenadiona era el CYP4F2. Por lo tanto, hay poco potencial de interacción con atazanavir.;No se ha estudiado la administración conjunta pero, en función del metabolismo y el clearance, es poco probable que ocurra una interacción clínicamente significativa. Un estudio in vitro descubrió que la única enzima CYP450 involucrada en el metabolismo de la fitomenadiona era el CYP4F2. Por lo tanto, hay poco potencial de interacción con atazanavir/ritonavir.;Esta interacción no ha sido estudiada. De acuerdo con los perfiles de metabolismo/eliminación y toxicidad de ambos fármacos, hay poco potencial de interacción. Un estudio in vitro descubrió que la única enzima CYP450 involucrada en el metabolismo de la fitomenadiona era el CYP4F2. Por lo tanto, existe poco potencial para la interacción con fosamprenavir mediante la modulación de las vías metabólicas.;No se ha estudiado la administración conjunta pero, en función del metabolismo y el clearance, es poco probable que ocurra una interacción clínicamente significativa. Un estudio in vitro descubrió que la única enzima CYP450 involucrada en el metabolismo de la fitomenadiona era el CYP4F2. Por lo tanto, existe poco potencial de interacción con bictegravir, emtricitabina y tenofovir alafenamida.;No se ha estudiado la administración conjunta pero, en función del metabolismo y el clearance, es poco probable que ocurra una interacción clínicamente significativa. Un estudio in vitro descubrió que la única enzima CYP450 involucrada en el metabolismo de la fitomenadiona era el CYP4F2. Por lo tanto, hay poco potencial de interacción con atazanavir/cobicistat.;Esta interacción no ha sido estudiada. De acuerdo con los perfiles de metabolismo/eliminación y toxicidad de ambos fármacos, hay poco potencial de interacción. Un estudio in vitro descubrió que la única enzima CYP450 involucrada en el metabolismo de la fitomenadiona era el CYP4F2. Por lo tanto, existe poco potencial para la interacción con ritonavir mediante la modulación de las vías metabólicas."
Coadministration has not been studied but based on metabolism and clearance a clinically significant interaction is unlikely as gabapentin is cleared mainly by glomerular filtration.&nbsp;,88810;93347;93347,"No se ha estudiado la administración conjunta pero, en función del metabolismo y el clearance, es poco probable una interacción farmacológica clínicamente significativa ya que la gabapentina se elimina principalmente por filtración glomerular.;No se ha estudiado la administración conjunta pero, en función del metabolismo y el clearance, es poco probable una interacción clínicamente significativa ya que la gabapentina se elimina principalmente por filtración glomerular."
Coadministration has not been studied but based on metabolism and clearance a clinically significant interaction is unlikely with nicotinamide when given alone or in multivitamins. Nicotinamide is metabolized by nicotinamide methyltransferase to N-methylnicotinamide which is then metabolized by xanthine oxidase and aldehyde oxidase. Renal elimination of unchanged nicotinamide is minimal.,80322;96052;96052;98877;98877;101125;101125;100712;100712;89152;89152,"No se ha estudiado la administración conjunta pero, en función del metabolismo y el clearance, es poco probable que ocurra una interacción clínicamente significativa. La nicotinamida se convierte en N-metilnicotinamida por la nicotinamida metiltransferasa, que a su vez se metaboliza por la xantina oxidasa y la aldehído oxidasa.;No se ha estudiado la administración conjunta pero, en función del metabolismo y el clearance, es poco probable que ocurra una interacción clínicamente significativa. La nicotinamida se convierte en N-metilnicotinamida por la nicotinamida metiltransferasa, que a su vez se metaboliza por la xantina oxidasa y la aldehído oxidasa. Darunavir, cobicistat, emtricitabina y tenofovir alafenamida no interactúan con esta vía metabólica.;No se ha estudiado la administración conjunta pero, en función del metabolismo y el clearance, es poco probable que ocurra una interacción clínicamente significativa. El ácido nicotínico y sus metabolitos no inhiben las reacciones mediadas por CYP1A2, CYP2B6, CYP2C9, CYP2C19, CYP2D6, CYP2E1 o CYP3A4 o la 3-glucuronidación mediada por UGT1A1 in vitro.;No se ha estudiado la administración conjunta pero, en función del metabolismo y el clearance, es poco probable que ocurra una interacción clínicamente significativa. El ácido nicotínico y sus metabolitos no inhiben las reacciones mediadas por CYP1A2, CYP2B6, CYP2C9, CYP2C19, CYP2D6, CYP2E1 o CYP3A4 o la 3-glucuronidación mediada por UGT1A1 in vitro. La eliminación renal de nicotinamida inalterada es mínima.;No se ha estudiado la administración conjunta pero, en función del metabolismo y el clearance, es poco probable que ocurra una interacción clínicamente significativa. La nicotinamida se convierte en N-metilnicotinamida por la nicotinamida metiltransferasa, que a su vez se metaboliza por la xantina oxidasa y la aldehído oxidasa. La rilpivirina, la emtricitabina y el tenofovir alafenamida no interactúan con esta vía metabólica. Además, el ácido nicotínico y sus metabolitos no inhiben las reacciones mediadas por CYP1A2, CYP2B6, CYP2C9, CYP2C19, CYP2D6, CYP2E1 o CYP3A4 o la 3-glucuronidación mediada por UGT1A1 in vitro y, por lo tanto, es poco probable que afecten la exposición a la rilpivirina."
"Coadministration has not been studied but based on metabolism and clearance a clinically significant interaction is unlikely with retinol when given alone or in multivitamins. Vitamin A esters are hydrolysed by pancreatic enzymes to retinol, which is then absorbed and re-esterified. Some retinol is stored in the liver. Retinol not stored in the liver undergoes glucuronide conjugation and subsequent oxidation to retinal and retinoic acid.",80354;80363;80363,"Esta interacción no ha sido estudiada. Según los perfiles de metabolismo/eliminación y toxicidad de ambos fármacos, hay poco potencial de interacción. Los ésteres de vitamina A son hidrolizados por enzimas pancreáticas a retinol, que luego es absorbido y reesterificado. Parte del retinol se almacena en el hígado. El retinol no almacenado en el hígado sufre conjugación de glucurónido y posterior oxidación a ácido retinal y retinoico.;No se ha estudiado la administración conjunta pero, en función del metabolismo y el clearance, es poco probable que ocurra una interacción clínicamente significativa. Los ésteres de vitamina A se hidrolizan por enzimas pancreáticas a retinol, que luego se absorbe y reesterifica. Parte del retinol se almacena en el hígado. El retinol no almacenado en el hígado experimenta conjugación de glucurónido y posterior oxidación a ácido retinal y retinoico."
Coadministration has not been studied but based on metabolism and clearance a clinically significant interaction is unlikely. No significant metabolism of doxycycline occurs and it is cleared intact by renal and biliary mechanisms.,81787;99250;99250,"No se ha estudiado la administración conjunta pero, en función del metabolismo y el clearance, es poco probable que ocurra una interacción farmacológica clínicamente relevante. No se produce un metabolismo significativo de la doxiciclina, y se elimina intacta por mecanismos renales y biliares.;No se ha estudiado la administración conjunta pero, en función del metabolismo y el clearance, es poco probable que ocurra una interacción clínicamente significativa. No se produce un metabolismo significativo de la doxiciclina, y se elimina intacta por mecanismos renales y biliares."
Coadministration has not been studied but based on metabolism and clearance a clinically significant interaction is unlikely. Ertapenem is mainly eliminated through the kidneys by glomerular filtration with tubular secretion playing a minor role.,81788;97117;97117,"No se ha estudiado la administración conjunta pero, en función del metabolismo y el clearance, es poco probable que ocurra una interacción farmacológica clínicamente relevante. El ertapenem se elimina principalmente a través de los riñones mediante filtración glomerular, mientras que la secreción tubular juega un papel menor.;No se ha estudiado la administración conjunta pero, en función del metabolismo y el clearance, es poco probable que ocurra una interacción clínicamente significativa. El ertapenem se elimina principalmente a través de los riñones mediante filtración glomerular, mientras que la secreción tubular juega un papel menor."
Coadministration has not been studied but based on metabolism and clearance a clinically significant interaction is unlikely as pregabalin is cleared mainly by glomerular filtration.&nbsp;,88817;93352;93352,"No se ha estudiado la administración conjunta pero, en función del metabolismo y el clearance, es poco probable una interacción farmacológica clínicamente relevante ya que la pregabalina se elimina principalmente por filtración glomerular.;No se ha estudiado la administración conjunta pero, en función del metabolismo y el clearance, es poco probable una interacción clínicamente significativa ya que la pregabalina se elimina principalmente por filtración glomerular."
Coadministration has not been studied but based on metabolism and clearance a clinically significant interaction is unlikely as vigabatrin is cleared mainly by glomerular filtration.&nbsp;,88820;93354;93354,"No se ha estudiado la administración conjunta pero, en función del metabolismo y el clearance, es poco probable una interacción farmacológica clínicamente significativa ya que el vigabatrín se elimina principalmente por filtración glomerular.;No se ha estudiado la administración conjunta pero, en función del metabolismo y el clearance, es poco probable una interacción clínicamente significativa ya que el vigabatrín se elimina principalmente por filtración glomerular."
"Coadministration has not been studied but based on metabolism and clearance a pharmacokinetic interaction is unlikely as pimozide is mainly metabolized by CYP3A4. Rilpivirine at a dose of 25 mg once daily is unlikely to have a clinically relevant effect on the exposure of medicinal products metabolised by CYP enzymes. Rilpivirine has been associated with prolongation of the QTc interval at supra-therapeutic doses but these are unlikely to occur during coadministration with pimozide. However, given the QT prolongation risk associated with pimozide, caution is recommended.",88929;77556;77556,"No se ha estudiado la administración conjunta pero, en función del metabolismo y el clearance, es poco probable una interacción farmacocinética ya que la pimozida se metaboliza principalmente por el CYP3A4Es poco probable que la rilpivirina a una dosis de 25 mg una vez al día tenga un efecto clínicamente relevante sobre la exposición de medicamentos metabolizados por las enzimas CYP. No obstante, la rilpivirina debe usarse con precaución cuando se administra conjuntamente con un fármaco con riesgo conocido de Torsade de Pointes. En sujetos sanos, se ha demostrado que las dosis supraterapéuticas de rilpivirina (75 mg una vez al día y 300 mg una vez al día) prolongan el intervalo QTc. Emtricitabina y tenofovir alafenamida no interactúan con la eliminación de la pimozida.;No se ha estudiado la administración conjunta pero, en función del metabolismo y el clearance, es poco probable una interacción farmacocinética ya que la pimozida se metaboliza principalmente por el CYP3A4Es poco probable que la rilpivirina a una dosis de 25 mg una vez al día tenga un efecto clínicamente relevante sobre la exposición de medicamentos metabolizados por las enzimas CYP. No obstante, la rilpivirina debe usarse con precaución cuando se administra conjuntamente con un fármaco con riesgo conocido de Torsade de Pointes. En sujetos sanos, se ha demostrado que las dosis supraterapéuticas de rilpivirina (75 mg una vez al día y 300 mg una vez al día) prolongan el intervalo QTc."
"Coadministration has not been studied but based on metabolism and clearance a pharmacokinetic interaction is unlikely. Ondansetron is metabolized mainly by CYP1A2 and CYP3A4 and to a lesser extent by CYP2D6. Rilpivirine at a dose of 25 mg once daily is unlikely to have a clinically relevant effect on the exposure of medicinal products metabolised by CYP enzymes. Rilpivirine has been associated with prolongation of the QTc interval at supra-therapeutic doses but these are unlikely to occur during coadministration with ondansetron. However, given the QT prolongation risk associated with ondansetron, caution is recommended.",89130;77770;77770,"No se ha estudiado la administración conjunta pero, en función del metabolismo y el clearance, es poco probable que ocurra una interacción farmacocinética. El ondansetrón se metaboliza principalmente por el CYP1A2 y el CYP3A4 y, en menor medida, por el CYP2D6. Es poco probable que la rilpivirina a una dosis de 25 mg una vez al día tenga un efecto clínicamente relevante sobre la exposición de medicamentos metabolizados por las enzimas CYP. No obstante, el ondansetrón puede prolongar el intervalo QT y, en sujetos sanos, se ha demostrado que las dosis supraterapéuticas de rilpivirina (75 mg una vez al día y 300 mg una vez al día) prolongan el intervalo QTc. Se debe tener precaución al usar granisetrón con fármacos que se conoce que prolongan el intervalo QT. Emtricitabina y tenofovir alafenamida no interactúan con la vía metabólica del ondansetrón.;No se ha estudiado la administración conjunta pero, en función del metabolismo y el clearance, es poco probable que ocurra una interacción farmacocinética. El ondansetrón se metaboliza principalmente por el CYP1A2 y el CYP3A4 y, en menor medida, por el CYP2D6. Es poco probable que la rilpivirina a una dosis de 25 mg una vez al día tenga un efecto clínicamente relevante sobre la exposición de medicamentos metabolizados por las enzimas CYP. No obstante, la rilpivirina debe usarse con precaución cuando se administra conjuntamente con un fármaco con riesgo conocido de Torsade de Pointes. En sujetos sanos, se ha demostrado que las dosis supraterapéuticas de rilpivirina (75 mg una vez al día y 300 mg una vez al día) prolongan el intervalo QTc."
Coadministration has not been studied but based on metabolism and clearance a clinically significant interaction is unlikely. Gabapentin is cleared mainly by glomerular filtration.,103291;99303;99303,"No se ha estudiado la administración conjunta pero, en función del metabolismo y el clearance, es poco probable que ocurra una interacción clínicamente relevante. La gabapentina se elimina principalmente por filtración glomerular.;No se ha estudiado la administración conjunta pero, en función del metabolismo y el clearance, es poco probable que ocurra una interacción clínicamente significativa. La gabapentina se elimina principalmente por filtración glomerular."
"Coadministration has not been studied but based on metabolism and clearance a clinically significant interaction is unlikely. Magnesium is eliminated in kidney, mainly by glomerular filtration.",96047;98873;98873,"No se ha estudiado la administración conjunta pero, en función del metabolismo y el clearance, es poco probable que ocurra una interacción clínicamente significativa. El magnesio se elimina en el riñón, principalmente por filtración glomerular.;No se ha estudiado la administración conjunta pero, en función del metabolismo y el clearance, es poco probable que ocurra una interacción clínicamente significativa. El magnesio se elimina en el riñón, principalmente por filtración glomerular"
"Symtuza (darunavir, cobicistat, emtricitabine, tenofovir alafenamide) is indicated for use as a complete regimen for the treatment of HIV-1 infection. However, in specific clinical situations where an intensification of HIV treatment is needed, coadministration with dolutegravir would be possible from a pharmacokinetic standpoint. Coadministration of dolutegravir (50 mg once daily) and darunavir/cobicistat (800/150 mg once daily) decreased dolutegravir Cmax, AUC, and C24 by 11%, 16% and 19%, respectively (n=9). Darunavir Cmax, AUC, and C24 decreased 21%, 13% and 18%, respectively, and cobicistat Cmax, AUC and C24h decreased by 14%, 12% and 2%, respectively. Coadministration of dolutegravir (50 mg once daily) with emtricitabine/tenofovir alafenamide (200/10 mg, once daily) increased tenofovir AUC and Cmax by 25% and 10% (n=10). No significant effects were observed on dolutegravir pharmacokinetics relative to historical controls.",99070;98635;98635,"Symtuza está indicado para su uso como un régimen completo para el tratamiento de la infección por VIH 1 y no debe administrarse con otros productos antirretrovirales. Sin embargo, en situaciones clínicas específicas donde se necesita una intensificación del tratamiento del VIH, la coadministración con atazanavir sería posible desde el punto de vista farmacocinético.;Symtuza está indicado para su uso como un régimen completo en el tratamiento de la infección por VIH-1 y no debe administrarse con otros productos antirretrovirales. Sin embargo, en situaciones clínicas específicas donde se necesita una intensificación del tratamiento del VIH, la administración conjunta de dolutegravir sería posible desde el punto de vista farmacocinético."
"Coadministration has not been studied but based on metabolism and clearance a clinically significant interaction is unlikely. Denosumab is not eliminated via hepatic metabolism but follows the immunoglobulin clearance pathway. (Note, caution is required if given with calcium supplements as dolutegravir may be subject to chelation by high concentrations of divalent cations which may result in reduced dolutegravir concentrations.)",99786;85855;85855,"No se ha estudiado la administración conjunta pero, en función del metabolismo y el clearance, es poco probable que ocurra una interacción clínicamente significativa. El denosumab no se elimina mediante el metabolismo hepático, sino que sigue la vía del clearance de la inmunoglobulina. (Tenga en cuenta que se requiere precaución si se administra con suplementos de calcio, ya que dolutegravir puede estar sujeto a quelación por altas concentraciones de cationes divalentes que pueden producir concentraciones reducidas de dolutegravir).;No se ha estudiado la administración conjunta pero, en función del metabolismo y el clearance, es poco probable que ocurra una interacción farmacocinética clínicamente significativa. El denosumab no se elimina mediante el metabolismo hepático, sino que sigue la vía del clearance de la inmunoglobulina. (Tenga en cuenta que se requiere precaución si se administra con suplementos de calcio, ya que dolutegravir puede estar sujeto a quelación por altas concentraciones de cationes divalentes que pueden producir concentraciones reducidas de dolutegravir)."
"Coadministration has not been studied but based on metabolism and clearance a clinically significant interaction is unlikely. Benznidazole undergoes non-CYP mediated metabolism and partly CYP mediated metabolism. Renal elimination of unchanged benznidazole appears to be minimal and there is little potential for an interaction via competition for renal elimination pathways. A case study of a patient taking an antiretroviral regimen of tenofovir-DF, emtricitabine and raltegravir reported no clinical or laboratory adverse events when the patient received benznidazole 5 mg/kg daily for 90 days. At the end of treatment, the patient’s viral load remained undetectable, and CD4 count was maintained.",96523;78527;78527,"No se ha estudiado la administración conjunta pero, en función del metabolismo y el clearance, es poco probable que ocurra una interacción clínicamente significativa. La eliminación renal de benznidazol inalterado parece ser mínima. Por lo tanto, existe poco potencial para la interacción con emtricitabina y tenofovir mediante la competencia por las vías de eliminación renal. Un estudio de caso de un paciente que tomaba un régimen antirretroviral de tenofovir-DF, emtricitabina y raltegravir no reportó eventos adversos clínicos o de laboratorio cuando el paciente recibió 5 mg/kg de benznidazol diariamente durante 90 días. Al final del tratamiento, la carga viral del paciente permaneció indetectable y se mantuvo el recuento de CD4.;No se ha estudiado la administración conjunta pero, en función del metabolismo y el clearance, es poco probable que ocurra una interacción clínicamente significativa. La eliminación renal de benznidazol inalterado parece ser mínima. Por lo tanto, existe poco potencial para la interacción con tenofovir-DF mediante la competencia por las vías de eliminación renal. Un estudio de caso de un paciente que tomaba un régimen antirretroviral de tenofovir-DF, emtricitabina y raltegravir no informó eventos adversos clínicos o de laboratorio cuando el paciente recibió 5 mg/kg de benznidazol diariamente durante 90 días. Al final del tratamiento, la carga viral del paciente permaneció indetectable y se mantuvo el recuento de CD4."
Coadministration has not been studied. The metabolism of periciazine has not been well characterized but is likely to involve CYP2D6. Coadministration could potentially increase periciazine concentrations although to a moderate extent. Caution is needed when combining these drugs as cardiac conduction abnormalities may be seen with periciazine.,84562;84563;84563,"No se ha estudiado la administración conjunta. El metabolismo de la periciazina no se ha caracterizado bien, pero es probable que involucre al CYP2D6. La administración conjunta podría potencialmente aumentar las concentraciones de periciazina, aunque en un grado moderado. Con periciazina, pueden observarse anomalías en la conducción cardíaca, incluida la prolongación QT, y el prospecto aprobado por la EMA para lopinavir aconseja precaución cuando se coprescribe con fármacos que inducen la prolongación del intervalo QT.;No se ha estudiado la administración conjunta. El metabolismo de la periciazina no se ha caracterizado bien, pero es probable que involucre al CYP2D6. La administración conjunta podría potencialmente aumentar las concentraciones de periciazina, aunque en un grado moderado. Con periciazina, pueden observarse anormalidades en la conducción cardíaca, incluida la prolongación QT, y el saquinavir está contraindicado para pacientes en tratamiento concomitante con otros fármacos que prolongan el intervalo QT."
"Coadministration has not been studied but based on metabolism and clearance a pharmacokinetic interaction is unlikely as sevoflurane is almost exclusively eliminated unchanged by the lungs. Rilpivirine has been associated with prolongation of the QTc interval at supra-therapeutic doses but these are unlikely to occur during coadministration with sevoflurane. However, given the QT prolongation risk associated with sevoflurane, caution is recommended.",88690;77974;77974,"No se ha estudiado la administración conjunta pero, en función del metabolismo y el clearance, es poco probable una interacción farmacocinética dado que el sevoflurano se elimina casi exclusivamente sin cambios por los pulmones. Sin embargo, se debe tener precaución al administrar conjuntamente debido al riesgo de prolongación QT con rilpivirina y sevoflurano.;No se ha estudiado la administración conjunta pero, en función del metabolismo y el clearance, es poco probable una interacción farmacocinética dado que el sevoflurano se elimina casi exclusivamente sin cambios por los pulmones. Sin embargo, se debe tener precaución al administrar ambos fármacos debido al riesgo de prolongación del intervalo QT."
"Juluca (dolutegravir/rilpivirine) and Symtuza (darunavir, cobicistat, emtricitabine, tenofovir alafenamide) are both indicated for use as complete regimens for the treatment of HIV-1 infection. However, in specific clinical situations where an intensification of HIV treatment is needed, coadministration would be possible from a pharmacokinetic standpoint as no clinically relevant drug-drug interactions are expected.&nbsp;",101420;101421;101421,"Symtuza está indicado para su uso como un régimen completo en el tratamiento de la infección por VIH-1 y no debe administrarse con otros productos antirretrovirales. Sin embargo, en situaciones clínicas específicas donde se necesita una intensificación del tratamiento del VIH, la administración conjunta con dolutegravir/rilpivirina sería posible desde el punto de vista farmacocinético ya que no se espera interacción farmacológica clínicamente relevante.;Symtuza está indicado para su uso como un régimen completo para el tratamiento de la infección por VIH 1 y no debe administrarse con otros productos antirretrovirales. Sin embargo, en situaciones clínicas específicas donde se necesita una intensificación del tratamiento para el VIH, la coadministración con dolutegravir/rilpivirina sería posible desde el punto de vista farmacocinético ya que no se espera interacción farmacológica clínicamente relevante."
"Delstrigo (doravirine, lamivudine, tenofovir-DF) is indicated for use as a complete regimen for the treatment of HIV-1 infection and coadministration with other antiretroviral agents is not recommended in Delstrigo product labels. If intensification of HIV treatment is needed, alternatives to fosamprenavir should be considered as appropriate doses of this combination with respect to safety, efficacy and pharmacokinetics of fosamprenavir have not been established.",100496;100996;100996,"Delstrigo (doravirina, lamivudina, tenofovir-DF) está indicado para su uso como un régimen completo para el tratamiento de la infección por VIH-1, y en las etiquetas de los productos Delstrigo no se recomienda la administración conjunta con otros agentes antirretrovirales. Sin embargo, en situaciones clínicas específicas donde se necesita una intensificación del tratamiento del VIH, la coadministración con fosamprenavir sería posible desde el punto de vista farmacocinético. La administración conjunta con ritonavir aumentó el área bajo la curva de doravirina en 3,5 veces y la Cmin en 2,9 veces. No es necesario ajustar la dosis de doravirina, ya que los ensayos de fase I mostraron una buena tolerabilidad de ese fármaco con un aumento en la exposición de hasta 3-4 veces. No se observó interacción clínicamente significativa con tenofovir-DF (300 mg una vez al día) y fosamprenavir/ritonavir (700/100 mg dos veces al día). No es necesario ajustar la dosis. Se ha reportado un mayor riesgo de insuficiencia renal en pacientes que reciben tenofovir-DF en combinación con un inhibidor de la proteasa reforzado con ritonavir. Se requiere una estrecha monitorización de la función renal en estos pacientes.;Delstrigo (doravirina, lamivudina, tenofovir-DF) está indicado para su uso como un régimen completo para el tratamiento de la infección por VIH-1, y en las etiquetas de los productos Delstrigo no se recomienda la administración conjunta con otros agentes antirretrovirales. Sin embargo, en situaciones clínicas específicas donde se necesita una intensificación del tratamiento del VIH, la coadministración con fosamprenavir/r sería posible desde el punto de vista farmacocinético. La administración conjunta con ritonavir aumentó el área bajo la curva de doravirina en 3,5 veces y la Cmin en 2,9 veces. No es necesario ajustar la dosis de doravirina, ya que los ensayos en fase I mostraron una buena tolerabilidad de doravirina con un aumento de exposición de hasta 3-4 veces. No se observó ninguna interacción clínicamente significativa con tenofovir-DF (300 mg una vez al día) y fosamprenavir/ritonavir (700/100 mg dos veces al día). No es necesario ajustar la dosis. Se ha reportado un mayor riesgo de insuficiencia renal en pacientes que reciben tenofovir-DF en combinación con un inhibidor de la proteasa reforzado con ritonavir. Se requiere una estrecha monitorización de la función renal en estos pacientes."
"Dovato (dolutegravir/lamivudine) is indicated for use as a complete regimen for the treatment of HIV 1 infection. However, in specific clinical situations where an intensification of HIV treatment is needed, coadministration with albuvirtide would be possible from a pharmacokinetic standpoint. Dolutegravir is metabolized by UGT1A1, with some contribution from CYP3A and lamivudine is eliminated renally. In vitro human microsomal studies and limited in vivo drug-drug interaction data indicate that albuvirtide has no inhibiting or inducing properties on P450 enzymes. Albuvirtide is a peptide which is eliminated by catabolism to its constituent amino acids. No interaction is expected with dolutegravir or lamivudine.",118393;118850,"Dovato (dolutegravir/lamivudina) está indicado para su uso como un régimen completo para el tratamiento de la infección por VIH 1. La administración conjunta con otros medicamentos antirretrovirales para el tratamiento de la infección por VIH-1 no se recomienda en la información de prescripción de EEUU para Dovato. Sin embargo, en situaciones clínicas específicas donde se necesita una intensificación del tratamiento del VIH, y una baja carga de píldoras sería beneficiosa, la coadministración con albuvirtida sería posible desde el punto de vista farmacocinético. El dolutegravir se metaboliza por la UGT1A1, con alguna contribución del CYP3A, y la lamivudina se elimina por vía renal. Los estudios microsómicos humanos in vitro y los datos limitados de interacción farmacológica in vivo indican que la albuvirtida no tiene propiedades inhibidoras o inductoras en las enzimas P450. La albuvirtida es un péptido que se elimina por vía catabólica a sus aminoácidos constituyentes. No se espera interacción con dolutegravir o lamivudina.;Dovato (dolutegravir/lamivudina) está indicado para su uso como un régimen completo para el tratamiento de la infección por VIH-1. En la información de prescripción de EEUU para Dovato no se recomienda la administración conjunta con otros medicamentos antirretrovirales para el tratamiento de la infección por VIH-1. Sin embargo, en situaciones clínicas específicas donde se necesita una intensificación del tratamiento del VIH, y una baja carga de píldoras sería beneficiosa, la coadministración con albuvirtida sería posible desde el punto de vista farmacocinético. El dolutegravir se metaboliza por la UGT1A1, con alguna contribución del CYP3A, y la lamivudina se elimina por vía renal. Los estudios microsómicos humanos in vitro y los datos limitados de interacción farmacológica in vivo indican que la albuvirtida no tiene propiedades inhibidoras o inductoras en las enzimas P450. La albuvirtida es un péptido que se elimina por vía catabólica a sus aminoácidos constituyentes. No se espera interacción con dolutegravir o lamivudina."
"Juluca (dolutegravir/rilpivirine) is indicated for use as a complete regimen for the treatment of HIV-1 infection. However, in specific clinical situations where an intensification of HIV treatment is needed, coadministration with emtricitabine/tenofovir alafenamide would be possible from a pharmacokinetic standpoint. Coadministration of dolutegravir (50 mg once daily) with emtricitabine/tenofovir alafenamide (200/10 mg, once daily) increased tenofovir AUC and Cmax by 25% and 10% (n=10). No significant effects were observed on dolutegravir pharmacokinetics relative to historical controls. Coadministration of rilpivirine (25 mg once daily) and tenofovir alafenamide (25 mg once daily) had no significant effect on the pharmacokinetics of rilpivirine and tenofovir alafenamide. No interaction is expected with emtricitabine. When given with dolutegravir or rilpivirine, the recommended dose of Descovy (emtricitabine/tenofovir alafenamide) is 200/25 mg once daily.",99868;99452;99452,"Juluca está indicado para su uso como un régimen completo para el tratamiento de la infección por VIH-1 y no debe administrarse con otros productos antirretrovirales. Sin embargo, en situaciones clínicas específicas donde se necesita una intensificación del tratamiento para el VIH, la coadministración con Juluca sería posible desde el punto de vista farmacocinético ya que no se espera interacción farmacológica clínicamente relevante. Cuando se administra con dolutegavir o rilpivirina, la dosis recomendada de Descovy (emtricitabina/tenofovir alafenamida) es de 200/25 mg una vez al día.;Juluca está indicado para su uso como un régimen completo para el tratamiento de la infección por VIH 1 y no debe administrarse con otros productos antirretrovirales. Sin embargo, en situaciones clínicas específicas donde se necesita una intensificación del tratamiento para el VIH, la coadministración con Juluca sería posible desde el punto de vista farmacocinético ya que no se espera interacción farmacológica clínicamente relevante. Cuando se administra con dolutegravir o rilpivirina, la dosis recomendada de Descovy (emtricitabina/tenofovir alafenamida) es de 200/25 mg una vez al día."
"Stribild (elvitegravir, cobicistat, emtricitabine, tenofovir-DF) is indicated for use as a complete regimen for the treatment of HIV 1 infection and coadministration with other antiretroviral agents is not recommended in the Stribild product labels. When darunavir is coadministered with ritonavir, it should not be administered with cobicistat or fixed dosed combination products containing cobicistat. Coadministration would be possible with unboosted darunavir (Prezista) in clinical situations requiring treatment intensification.&nbsp;",97708;97709;97709,"Cuando darunavir se coadministra con ritonavir, no debe administrarse con cobicistat o productos de combinación de dosis fija que contengan cobicistatStribild (elvitegravir, cobicistat, emtricitabina, tenofovir-DF) está indicado para su uso como un régimen completo para el tratamiento de la infección por VIH 1, y en las etiquetas de los productos Stribild no se recomienda la administración conjunta con otros agentes antirretrovirales. La coadministración sería posible con darunavir sin refuerzo (Prezista)en situaciones clínicas que requieren intensificación del tratamiento.;Cuando darunavir se coadministra con ritonavir, no debe administrarse con cobicistat o productos de combinación de dosis fija que contengan cobicistatStribild (elvitegravir, cobicistat, emtricitabina, tenofovir-DF) está indicado para su uso como un régimen completo para el tratamiento de la infección por VIH 1, y en las etiquetas de los productos Stribild no se recomienda la administración conjunta con otros agentes antirretrovirales. La coadministración sería posible con darunavir sin refuerzo (Prezista) en situaciones clínicas que requieren intensificación del tratamiento."
